{
  "pgs_id": "PGS003725",
  "reference": "1000 Genomes Phase 3 EUR samples (N=503; sub-populations: CEU=99, FIN=99, GBR=91, IBS=107, TSI=107). Standard publicly-available European reference; weighted toward Northern/Western European sub-populations, limited representation of Southern/Eastern/Ashkenazi. Empirical mean/SD from this sample is an approximation of the true EUR-population distribution, subject to sampling error (~3% on SD) and sub-population weighting bias.",
  "n_samples": 503,
  "mean": -7.795900729213179,
  "sd": 0.7290755116732024,
  "min": -9.797261974388478,
  "max": -5.273151910735019,
  "per_sample": {
    "HG00096": -8.045782184667432,
    "HG00097": -6.883253458255212,
    "HG00099": -6.640395075817663,
    "HG00100": -7.762546176081916,
    "HG00101": -7.426419573414943,
    "HG00102": -9.391870824588644,
    "HG00103": -6.497555264253168,
    "HG00105": -6.629841714878845,
    "HG00106": -7.491880245973381,
    "HG00107": -8.907274874575933,
    "HG00108": -8.396886438205655,
    "HG00109": -7.128093936474615,
    "HG00110": -7.417142126740735,
    "HG00111": -7.639672354451943,
    "HG00112": -8.640340549941133,
    "HG00113": -7.745624096584244,
    "HG00114": -8.789862009223473,
    "HG00115": -6.666950021589496,
    "HG00116": -8.74230711335698,
    "HG00117": -6.851913541519067,
    "HG00118": -7.462689121204775,
    "HG00119": -7.795619927136265,
    "HG00120": -8.807841786744412,
    "HG00121": -7.918786932174024,
    "HG00122": -8.00435666055031,
    "HG00123": -7.752247290457541,
    "HG00125": -6.298344125984635,
    "HG00126": -7.5678526634925705,
    "HG00127": -6.579572851944543,
    "HG00128": -7.232763317760665,
    "HG00129": -7.028538045611822,
    "HG00130": -8.003285692269055,
    "HG00131": -7.4728089770902955,
    "HG00132": -8.36238991133897,
    "HG00133": -7.056902054163273,
    "HG00136": -8.141421550076418,
    "HG00137": -7.076981107764538,
    "HG00138": -7.044674740399611,
    "HG00139": -9.181656234494769,
    "HG00140": -8.108582339137673,
    "HG00141": -7.536238549757044,
    "HG00142": -6.955948257420672,
    "HG00143": -8.037819886317068,
    "HG00145": -7.244609358225574,
    "HG00146": -7.51258913009998,
    "HG00148": -9.374235904269069,
    "HG00149": -8.101087173180234,
    "HG00150": -8.036306368631497,
    "HG00151": -7.406592657342448,
    "HG00154": -8.035443661562375,
    "HG00155": -8.07809177095028,
    "HG00157": -7.349519412726583,
    "HG00158": -7.621484667640173,
    "HG00159": -6.1919761125322506,
    "HG00160": -7.772516570994849,
    "HG00171": -6.507189978966561,
    "HG00173": -7.0905863115746435,
    "HG00174": -8.299687615763652,
    "HG00176": -7.827617659881665,
    "HG00177": -7.5652524468256095,
    "HG00178": -7.724883405081133,
    "HG00179": -8.92534330175138,
    "HG00180": -7.402605789780766,
    "HG00181": -8.90543333636334,
    "HG00182": -6.876794799626141,
    "HG00183": -7.800645327206637,
    "HG00185": -7.393421059918813,
    "HG00186": -6.4226845973683355,
    "HG00187": -7.126184478981322,
    "HG00188": -7.990692773920273,
    "HG00189": -7.224224170481213,
    "HG00190": -7.209336635407016,
    "HG00231": -7.690856421277266,
    "HG00232": -8.136758965355956,
    "HG00233": -8.172067619849546,
    "HG00234": -7.397261878999322,
    "HG00235": -8.12781748256466,
    "HG00236": -6.898978841747818,
    "HG00237": -7.131547879956424,
    "HG00238": -8.917109623109999,
    "HG00239": -7.93926178898734,
    "HG00240": -6.856905027114035,
    "HG00242": -7.756126232085214,
    "HG00243": -7.583132863355787,
    "HG00244": -8.27711528389902,
    "HG00245": -8.806960137372835,
    "HG00246": -7.6576305533003985,
    "HG00250": -7.73204909409768,
    "HG00251": -8.197274243373661,
    "HG00252": -6.609145273420776,
    "HG00253": -7.148630751301455,
    "HG00254": -8.376544163107003,
    "HG00255": -8.230922466509504,
    "HG00256": -8.41045355488797,
    "HG00257": -7.93440369511988,
    "HG00258": -7.447712720866889,
    "HG00259": -8.215363462818907,
    "HG00260": -7.697182690961408,
    "HG00261": -8.12711657714114,
    "HG00262": -7.619873231066752,
    "HG00263": -8.13539471533925,
    "HG00264": -7.121659636067885,
    "HG00265": -7.409656825526418,
    "HG00266": -8.233791876721673,
    "HG00267": -6.810464523123277,
    "HG00268": -8.741447514861669,
    "HG00269": -6.301694917714336,
    "HG00271": -7.785933594434572,
    "HG00272": -7.717005723123694,
    "HG00273": -7.84955958231135,
    "HG00274": -8.185163394770175,
    "HG00275": -7.99880746288582,
    "HG00276": -7.379560119828217,
    "HG00277": -7.398792550063521,
    "HG00278": -6.5830260898401916,
    "HG00280": -7.502289962900963,
    "HG00281": -8.230415286472063,
    "HG00282": -7.789089915366915,
    "HG00284": -8.279893740888582,
    "HG00285": -7.39522574104877,
    "HG00288": -7.388256018279938,
    "HG00290": -6.169998883213761,
    "HG00304": -8.732115684906908,
    "HG00306": -7.436809055226673,
    "HG00308": -7.3255567206269925,
    "HG00309": -8.161236398817739,
    "HG00310": -7.146178400904301,
    "HG00311": -7.596017174734398,
    "HG00313": -7.462863071454744,
    "HG00315": -8.00856550259707,
    "HG00318": -8.294515442749951,
    "HG00319": -7.6401058315219785,
    "HG00320": -9.366231377675353,
    "HG00321": -7.1442363831661035,
    "HG00323": -6.3500403461579475,
    "HG00324": -7.378837861478391,
    "HG00325": -7.223409322317616,
    "HG00326": -7.3585548026116365,
    "HG00327": -8.5606432076416,
    "HG00328": -7.9361654480184285,
    "HG00329": -8.970023250440873,
    "HG00330": -7.754760591444647,
    "HG00331": -8.130732755566674,
    "HG00332": -8.569603773086769,
    "HG00334": -7.523568244456789,
    "HG00335": -6.902545185618692,
    "HG00336": -6.182952214939912,
    "HG00337": -6.996521024434676,
    "HG00338": -8.25084537906822,
    "HG00339": -7.5796079395752045,
    "HG00341": -7.214810433670167,
    "HG00342": -7.861637514322136,
    "HG00343": -7.747069996135341,
    "HG00344": -9.041719898721892,
    "HG00345": -8.320915444427905,
    "HG00346": -8.141349155349435,
    "HG00349": -7.3460214288655745,
    "HG00350": -7.894650590438426,
    "HG00351": -7.590706994486362,
    "HG00353": -7.423920003788972,
    "HG00355": -7.966073071670042,
    "HG00356": -7.212497307622849,
    "HG00357": -7.084118952061713,
    "HG00358": -6.842182182091691,
    "HG00360": -7.140148268760518,
    "HG00361": -6.907144189815155,
    "HG00362": -7.895497645026731,
    "HG00364": -7.508126236856743,
    "HG00365": -8.670381464932543,
    "HG00366": -8.195051193247458,
    "HG00367": -6.8206133096964665,
    "HG00368": -6.653196123718874,
    "HG00369": -7.669499797739468,
    "HG00371": -6.76157642885704,
    "HG00372": -8.374936139973922,
    "HG00373": -7.4471938308391605,
    "HG00375": -5.273151910735019,
    "HG00376": -8.272587658812567,
    "HG00378": -8.961720550820568,
    "HG00379": -6.9584941300217125,
    "HG00380": -7.726197684652197,
    "HG00381": -6.294596830091616,
    "HG00382": -7.532752202676523,
    "HG00383": -8.503426985025651,
    "HG00384": -7.129114550360859,
    "HG01334": -6.878397838867751,
    "HG01500": -6.777219042890187,
    "HG01501": -8.37536300059775,
    "HG01503": -7.853067847969617,
    "HG01504": -7.314673138064471,
    "HG01506": -8.338196900571784,
    "HG01507": -7.697802027500055,
    "HG01509": -6.882225931401292,
    "HG01510": -7.070140522567999,
    "HG01512": -7.356919179397647,
    "HG01513": -7.638831505703683,
    "HG01515": -9.610029413189801,
    "HG01516": -7.5833433508031405,
    "HG01518": -7.508987609385262,
    "HG01519": -7.513555448329508,
    "HG01521": -9.5347986293909,
    "HG01522": -8.390305320910622,
    "HG01524": -7.599917393927646,
    "HG01525": -7.583614019954811,
    "HG01527": -7.220645130479332,
    "HG01528": -7.7792931204082985,
    "HG01530": -7.337440843162532,
    "HG01531": -8.364226448106828,
    "HG01536": -7.320554536717935,
    "HG01537": -8.417591304138687,