{
  "pgs_id": "PGS000889",
  "reference": "1000 Genomes Phase 3 EUR samples (N=503; sub-populations: CEU=99, FIN=99, GBR=91, IBS=107, TSI=107). Standard publicly-available European reference; weighted toward Northern/Western European sub-populations, limited representation of Southern/Eastern/Ashkenazi. Empirical mean/SD from this sample is an approximation of the true EUR-population distribution, subject to sampling error (~3% on SD) and sub-population weighting bias.",
  "n_samples": 503,
  "mean": 51.38643379721671,
  "sd": 1.4109916939265,
  "min": 46.147700000000036,
  "max": 55.54119999999999,
  "per_sample": {
    "HG00096": 50.3301,
    "HG00097": 51.35090000000003,
    "HG00099": 49.56909999999997,
    "HG00100": 52.3502,
    "HG00101": 52.268600000000006,
    "HG00102": 51.60230000000005,
    "HG00103": 54.83150000000002,
    "HG00105": 49.744800000000026,
    "HG00106": 52.0073,
    "HG00107": 49.21199999999999,
    "HG00108": 50.77519999999998,
    "HG00109": 51.71229999999996,
    "HG00110": 53.65090000000001,
    "HG00111": 51.46530000000004,
    "HG00112": 51.93290000000004,
    "HG00113": 51.18430000000002,
    "HG00114": 51.7487,
    "HG00115": 53.0482,
    "HG00116": 51.319799999999965,
    "HG00117": 50.675999999999995,
    "HG00118": 49.47689999999997,
    "HG00119": 50.30260000000005,
    "HG00120": 47.3645,
    "HG00121": 52.07610000000001,
    "HG00122": 51.18229999999996,
    "HG00123": 51.41940000000001,
    "HG00125": 52.4252,
    "HG00126": 51.5299,
    "HG00127": 47.1486,
    "HG00128": 50.63369999999999,
    "HG00129": 52.155000000000044,
    "HG00130": 51.059300000000036,
    "HG00131": 52.766700000000014,
    "HG00132": 50.88780000000002,
    "HG00133": 51.58409999999997,
    "HG00136": 52.931000000000004,
    "HG00137": 49.395099999999985,
    "HG00138": 51.52360000000003,
    "HG00139": 49.73639999999999,
    "HG00140": 52.1922,
    "HG00141": 49.244200000000035,
    "HG00142": 50.21129999999998,
    "HG00143": 52.26760000000002,
    "HG00145": 50.571800000000025,
    "HG00146": 52.47909999999997,
    "HG00148": 49.95070000000004,
    "HG00149": 54.8076,
    "HG00150": 49.54110000000001,
    "HG00151": 50.72360000000001,
    "HG00154": 51.79789999999998,
    "HG00155": 49.45159999999998,
    "HG00157": 50.06950000000004,
    "HG00158": 49.52370000000003,
    "HG00159": 52.34539999999998,
    "HG00160": 50.82250000000005,
    "HG00171": 53.072500000000005,
    "HG00173": 52.72930000000002,
    "HG00174": 53.95100000000005,
    "HG00176": 52.52779999999999,
    "HG00177": 52.14259999999997,
    "HG00178": 49.13309999999997,
    "HG00179": 52.384600000000006,
    "HG00180": 49.702,
    "HG00181": 50.264800000000015,
    "HG00182": 51.849400000000045,
    "HG00183": 49.49660000000002,
    "HG00185": 53.185599999999994,
    "HG00186": 54.255799999999994,
    "HG00187": 51.30590000000003,
    "HG00188": 50.88629999999997,
    "HG00189": 52.13129999999999,
    "HG00190": 53.74380000000002,
    "HG00231": 52.609600000000015,
    "HG00232": 50.907000000000046,
    "HG00233": 52.216200000000036,
    "HG00234": 52.8203,
    "HG00235": 49.648799999999994,
    "HG00236": 53.515099999999975,
    "HG00237": 51.95160000000003,
    "HG00238": 47.80220000000001,
    "HG00239": 48.57369999999999,
    "HG00240": 52.231900000000046,
    "HG00242": 50.5577,
    "HG00243": 55.16279999999995,
    "HG00244": 51.573499999999996,
    "HG00245": 51.85749999999998,
    "HG00246": 51.6418,
    "HG00250": 50.688099999999984,
    "HG00251": 49.33340000000003,
    "HG00252": 50.53659999999998,
    "HG00253": 51.037000000000056,
    "HG00254": 51.56030000000001,
    "HG00255": 51.91249999999999,
    "HG00256": 50.765200000000014,
    "HG00257": 50.54100000000004,
    "HG00258": 53.34060000000002,
    "HG00259": 51.01090000000001,
    "HG00260": 51.84150000000002,
    "HG00261": 51.854800000000026,
    "HG00262": 51.44960000000002,
    "HG00263": 50.76569999999998,
    "HG00264": 51.34590000000002,
    "HG00265": 50.22360000000001,
    "HG00266": 50.111699999999985,
    "HG00267": 51.80149999999999,
    "HG00268": 52.27279999999999,
    "HG00269": 52.59849999999998,
    "HG00271": 48.05940000000003,
    "HG00272": 50.09850000000001,
    "HG00273": 51.68749999999997,
    "HG00274": 50.28919999999999,
    "HG00275": 52.880100000000006,
    "HG00276": 53.00960000000003,
    "HG00277": 51.591599999999985,
    "HG00278": 51.63880000000004,
    "HG00280": 53.7863,
    "HG00281": 53.22939999999998,
    "HG00282": 50.76659999999999,
    "HG00284": 50.2752,
    "HG00285": 50.71280000000001,
    "HG00288": 55.54119999999999,
    "HG00290": 53.771899999999974,
    "HG00304": 48.93009999999996,
    "HG00306": 48.4903,
    "HG00308": 54.828799999999966,
    "HG00309": 52.779700000000034,
    "HG00310": 51.42289999999999,
    "HG00311": 50.42119999999997,
    "HG00313": 51.4067,
    "HG00315": 52.7428,
    "HG00318": 49.78270000000002,
    "HG00319": 51.28359999999998,
    "HG00320": 46.147700000000036,
    "HG00321": 53.37440000000003,
    "HG00323": 53.4503,
    "HG00324": 51.6231,
    "HG00325": 48.42070000000003,
    "HG00326": 51.09340000000002,
    "HG00327": 49.64730000000001,
    "HG00328": 50.424400000000034,
    "HG00329": 51.94599999999999,
    "HG00330": 51.52070000000002,
    "HG00331": 49.650600000000004,
    "HG00332": 49.977800000000045,
    "HG00334": 49.485000000000056,
    "HG00335": 51.54529999999997,
    "HG00336": 53.1405,
    "HG00337": 51.03370000000003,
    "HG00338": 51.70839999999995,
    "HG00339": 49.832900000000016,
    "HG00341": 49.08989999999999,
    "HG00342": 50.727100000000014,
    "HG00343": 53.06950000000003,
    "HG00344": 48.3947,
    "HG00345": 48.71109999999997,
    "HG00346": 50.07040000000001,
    "HG00349": 53.90840000000002,
    "HG00350": 51.24680000000004,
    "HG00351": 50.72680000000002,
    "HG00353": 50.913399999999996,
    "HG00355": 52.68660000000001,
    "HG00356": 50.49479999999998,
    "HG00357": 52.09130000000001,
    "HG00358": 51.455200000000026,
    "HG00360": 50.62989999999999,
    "HG00361": 53.18320000000004,
    "HG00362": 52.177300000000024,
    "HG00364": 52.78520000000002,
    "HG00365": 48.79330000000003,
    "HG00366": 49.73379999999999,
    "HG00367": 51.582999999999984,
    "HG00368": 50.553200000000025,
    "HG00369": 49.64160000000001,
    "HG00371": 54.08160000000001,
    "HG00372": 51.581700000000055,
    "HG00373": 50.94880000000002,
    "HG00375": 50.30120000000001,
    "HG00376": 48.39950000000004,
    "HG00378": 49.47970000000001,
    "HG00379": 53.826200000000036,
    "HG00380": 52.56809999999997,
    "HG00381": 52.90200000000003,
    "HG00382": 50.609100000000026,
    "HG00383": 51.120599999999975,
    "HG00384": 52.44830000000001,
    "HG01334": 53.54900000000001,
    "HG01500": 52.20319999999997,
    "HG01501": 49.81459999999996,
    "HG01503": 51.43910000000004,
    "HG01504": 51.91980000000001,
    "HG01506": 50.916700000000034,
    "HG01507": 52.3135,
    "HG01509": 50.97469999999999,
    "HG01510": 52.24460000000003,
    "HG01512": 53.47050000000003,
    "HG01513": 51.90320000000001,
    "HG01515": 51.30799999999999,
    "HG01516": 52.74160000000003,
    "HG01518": 52.95779999999999,
    "HG01519": 49.960400000000035,
    "HG01521": 51.34460000000003,
    "HG01522": 51.45939999999999,
    "HG01524": 52.6071,
    "HG01525": 53.55580000000001,
    "HG01527": 51.57949999999997,
    "HG01528": 51.424300000000024,
    "HG01530": 52.2198,
    "HG01531": 52.33840000000005,
    "HG01536": 52.659099999999995,
    "HG01537": 50.25890000000001,
    "HG01602": 51.04490000000001,
    "HG01603": 51.64990000000003,
    "HG01605": 50.4481,
    "HG01606": 52.2273,
    "HG01607": 50.67179999999999,
    "HG01608": 49.58080000000002,
    "HG01610": 52.46060000000005,
    "HG01612": 50.6427,
    "HG01613": 50.36830000000003,
    "HG01615": 51.27859999999999,
    "HG01617": 52.405600000000035,
    "HG01618": 52.143299999999996,
    "HG01619": 53.62949999999995,
    "HG01620": 51.48709999999996,