{
  "pgs_id": "PGS002135",
  "reference": "1000 Genomes Phase 3 EUR samples (N=503; sub-populations: CEU=99, FIN=99, GBR=91, IBS=107, TSI=107). Standard publicly-available European reference; weighted toward Northern/Western European sub-populations, limited representation of Southern/Eastern/Ashkenazi. Empirical mean/SD from this sample is an approximation of the true EUR-population distribution, subject to sampling error (~3% on SD) and sub-population weighting bias.",
  "n_samples": 503,
  "mean": -0.8089638592699708,
  "sd": 0.3983665598267618,
  "min": -1.8772367995983472,
  "max": 0.4503142174327281,
  "per_sample": {
    "HG00096": -1.225942547832538,
    "HG00097": -0.5959408467509097,
    "HG00099": -0.6810764452685548,
    "HG00100": -0.9130804421596848,
    "HG00101": -0.7912051000853596,
    "HG00102": 0.10831717277108967,
    "HG00103": -1.466777281468166,
    "HG00105": -0.9377974200532755,
    "HG00106": -1.0391811615958466,
    "HG00107": -0.8646243790242972,
    "HG00108": -0.784163209540871,
    "HG00109": -0.3598352357867677,
    "HG00110": -1.2680427087513542,
    "HG00111": -1.1355418705413522,
    "HG00112": -0.8635939837097704,
    "HG00113": -0.4350084422324528,
    "HG00114": -0.9204991204658535,
    "HG00115": -1.167051681622279,
    "HG00116": -1.1328494326690548,
    "HG00117": -0.6669519406755042,
    "HG00118": -0.8204147384992151,
    "HG00119": -0.8062407103518712,
    "HG00120": -0.7067354041635093,
    "HG00121": -0.2240765987331995,
    "HG00122": -0.45207044692248693,
    "HG00123": -0.7521607585429321,
    "HG00125": -0.14248404115234467,
    "HG00126": -0.6486163259238718,
    "HG00127": -0.6957603831739216,
    "HG00128": -1.3178218407070674,
    "HG00129": -0.3541108483128651,
    "HG00130": -0.9187880352869928,
    "HG00131": -0.26828737639157996,
    "HG00132": -0.5842913404899412,
    "HG00133": -0.7223886134585449,
    "HG00136": -0.35964394329929994,
    "HG00137": -0.744001176009879,
    "HG00138": -1.6560137940851793,
    "HG00139": -0.44669146152007755,
    "HG00140": -0.5626782002414291,
    "HG00141": -1.0664004930010589,
    "HG00142": -0.9208516114706342,
    "HG00143": -0.4124455864830813,
    "HG00145": -0.46974495846630093,
    "HG00146": -0.8316958191410653,
    "HG00148": -0.468238482923239,
    "HG00149": -0.6502106355373238,
    "HG00150": 0.25654941476070764,
    "HG00151": -1.206882339448696,
    "HG00154": -0.7613108360755272,
    "HG00155": -0.5346550641610228,
    "HG00157": -0.26610225553792904,
    "HG00158": -0.8733580018290723,
    "HG00159": -1.2617501106082019,
    "HG00160": -1.4768841783518625,
    "HG00171": -0.4588334902000414,
    "HG00173": -0.6859704777865181,
    "HG00174": -0.6536052150485583,
    "HG00176": -0.47966808010016904,
    "HG00177": -0.17230254613082585,
    "HG00178": -1.231510211653823,
    "HG00179": -1.3526423172644917,
    "HG00180": -0.18194854794653995,
    "HG00181": -0.6281932834608414,
    "HG00182": -1.0571915983825924,
    "HG00183": -0.8655686854677519,
    "HG00185": -1.296723826816839,
    "HG00186": 0.014582398452691742,
    "HG00187": -0.6168285505553894,
    "HG00188": -0.30591744595856724,
    "HG00189": -1.6793149180126032,
    "HG00190": -0.6972901230404374,
    "HG00231": -0.7075998435581712,
    "HG00232": -1.4102136986772986,
    "HG00233": -1.08919606240397,
    "HG00234": -1.1795029235217929,
    "HG00235": -0.3692194665734924,
    "HG00236": -0.3933901653362112,
    "HG00237": -0.6286166482928599,
    "HG00238": -0.8600568263168253,
    "HG00239": -0.6145507278899458,
    "HG00240": -0.911931659002606,
    "HG00242": -1.5239756196736882,
    "HG00243": -0.2677787879611698,
    "HG00244": -0.9572627265771655,
    "HG00245": -0.5571033251765792,
    "HG00246": -0.5186670055365497,
    "HG00250": -0.7146392931808715,
    "HG00251": -0.5261174488894976,
    "HG00252": -1.1148416614492342,
    "HG00253": -0.5600426125603406,
    "HG00254": -0.8517656038394851,
    "HG00255": -1.3012319275275346,
    "HG00256": -0.3072780962170298,
    "HG00257": -0.29505241757886874,
    "HG00258": -0.428896251390136,
    "HG00259": -0.6217053257007675,
    "HG00260": -1.0306740067810238,
    "HG00261": -1.2148750354173516,
    "HG00262": -1.000419586797573,
    "HG00263": -0.6844000555676221,
    "HG00264": -0.9337379830570197,
    "HG00265": -0.5513546476029181,
    "HG00266": -0.9453178993279525,
    "HG00267": -0.8473987581501006,
    "HG00268": -0.18054287105565256,
    "HG00269": -0.2646141997603148,
    "HG00271": -1.0689465031282526,
    "HG00272": -0.890432392974691,
    "HG00273": -0.4874397503641007,
    "HG00274": -1.5121212719204133,
    "HG00275": 0.03392104132180519,
    "HG00276": -1.2588721753697991,
    "HG00277": -1.0514100601583776,
    "HG00278": -0.6985892151440994,
    "HG00280": -0.23022718405825407,
    "HG00281": -0.0685347772983282,
    "HG00282": -0.2775893739766406,
    "HG00284": -0.5626278071459464,
    "HG00285": -0.46784705191306986,
    "HG00288": -0.6092093686663591,
    "HG00290": -0.6875206878579394,
    "HG00304": -1.0621531414551981,
    "HG00306": -1.458885390805153,
    "HG00308": -0.8333581456340841,
    "HG00309": -0.7757784182303387,
    "HG00310": -1.0106015211013029,
    "HG00311": -0.7956470290492984,
    "HG00313": -0.6550349825824404,
    "HG00315": -0.8990584504856199,
    "HG00318": -0.8786850295789184,
    "HG00319": -0.3739164260509778,
    "HG00320": -0.3770676877620699,
    "HG00321": -0.36436537002239255,
    "HG00323": -0.4914390088097156,
    "HG00324": -0.15921695964014135,
    "HG00325": -1.4698478439455231,
    "HG00326": -0.3437421971960103,
    "HG00327": -1.016363932667222,
    "HG00328": 0.07795837224447756,
    "HG00329": -0.8247345518236767,
    "HG00330": -1.0312148547571642,
    "HG00331": -0.5544404976513025,
    "HG00332": -1.0255615988642288,
    "HG00334": -1.094793144363016,
    "HG00335": -0.6269831709201282,
    "HG00336": -0.591963999694283,
    "HG00337": -0.16970756444443139,
    "HG00338": -0.25274975753042644,
    "HG00339": -0.27151674728728814,
    "HG00341": -0.5738623583892309,
    "HG00342": -0.3434047473149296,
    "HG00343": -0.9851435332727636,
    "HG00344": -0.05908565851029944,
    "HG00345": -1.053174356653674,
    "HG00346": -1.0642961996189864,
    "HG00349": -1.2302526708932482,
    "HG00350": -0.8337694257308539,
    "HG00351": -1.0207691216035395,
    "HG00353": -1.4039236129865917,
    "HG00355": -1.1912770204518663,
    "HG00356": -0.8383350702881261,
    "HG00357": -1.1173527669426575,
    "HG00358": -0.6317671083170804,
    "HG00360": -1.0534556164277538,
    "HG00361": -1.1071110237436366,
    "HG00362": -0.46213738637243895,
    "HG00364": -1.016414574004318,
    "HG00365": -0.5600359690651445,
    "HG00366": -1.2929907172622237,
    "HG00367": -1.0107607039277693,
    "HG00368": -0.43591293883304433,
    "HG00369": -0.25432774383398804,
    "HG00371": -0.7082908325017501,
    "HG00372": -0.8228809568454486,
    "HG00373": -1.6377047340826534,
    "HG00375": -1.5400940086751294,
    "HG00376": -1.447349774946989,
    "HG00378": -1.0650391706149565,
    "HG00379": -1.0527310394317286,
    "HG00380": -0.35915310214209134,
    "HG00381": -1.3790694486455268,
    "HG00382": -1.5919651195114533,
    "HG00383": 0.034351200359231115,
    "HG00384": 0.4503142174327281,
    "HG01334": -0.704968994316078,
    "HG01500": -0.5001206266405144,
    "HG01501": -0.8610389339009532,
    "HG01503": -0.9339669525217009,
    "HG01504": -0.40022809154300026,
    "HG01506": -1.2693948302006302,
    "HG01507": -0.6356404649601572,
    "HG01509": -1.2147056752395597,
    "HG01510": -0.5508162853067048,
    "HG01512": -0.8842443860924277,
    "HG01513": -0.004337080997332349,
    "HG01515": -0.8628440724574716,
    "HG01516": 0.0497681319888936,
    "HG01518": -0.9852777904708537,
    "HG01519": -0.5137733848849836,
    "HG01521": -1.1790565075611499,
    "HG01522": -1.0197960861212667,
    "HG01524": -1.4200011826746535,
    "HG01525": -0.8304281099332232,