{
  "pgs_id": "PGS002308",
  "reference": "1000 Genomes Phase 3 EUR samples (N=503; sub-populations: CEU=99, FIN=99, GBR=91, IBS=107, TSI=107). Standard publicly-available European reference; weighted toward Northern/Western European sub-populations, limited representation of Southern/Eastern/Ashkenazi. Empirical mean/SD from this sample is an approximation of the true EUR-population distribution, subject to sampling error (~3% on SD) and sub-population weighting bias.",
  "n_samples": 503,
  "mean": 0.3486583084154412,
  "sd": 0.1999380326445883,
  "min": -0.22653713142696952,
  "max": 1.0080132016614824,
  "per_sample": {
    "HG00096": 0.3881984973560582,
    "HG00097": 0.025703923830827417,
    "HG00099": 0.5177096552168715,
    "HG00100": 0.3519656266451815,
    "HG00101": 0.6772723529084888,
    "HG00102": 0.31725813729542396,
    "HG00103": 0.014846618860645946,
    "HG00105": 0.4213253973033968,
    "HG00106": 0.15166888989280375,
    "HG00107": 0.095152030245149,
    "HG00108": 0.30139506590959997,
    "HG00109": 0.30745662910845956,
    "HG00110": 0.4003115737737156,
    "HG00111": 0.32271134671828483,
    "HG00112": 0.2527744073489741,
    "HG00113": 0.3230143505857514,
    "HG00114": 0.3324338927260542,
    "HG00115": 0.49675754027015234,
    "HG00116": 0.4456460729092485,
    "HG00117": 0.6553503959438727,
    "HG00118": 0.5042792286550364,
    "HG00119": 0.45697834596326026,
    "HG00120": 0.24205004960507864,
    "HG00121": 0.654003792651672,
    "HG00122": 0.2797107295090407,
    "HG00123": 0.1951540639880856,
    "HG00125": 0.1202974123268441,
    "HG00126": 0.3670950515788818,
    "HG00127": 0.4333890861937389,
    "HG00128": 0.5415173703153026,
    "HG00129": 0.29856919067602633,
    "HG00130": 0.17400775876338356,
    "HG00131": 0.277273770233204,
    "HG00132": 0.3124908275836629,
    "HG00133": 0.6680192314272493,
    "HG00136": 0.2443748789270596,
    "HG00137": 0.4251919282228013,
    "HG00138": 0.3671374431076615,
    "HG00139": 0.2820725777302478,
    "HG00140": 0.6053186566170554,
    "HG00141": 0.5052304614301917,
    "HG00142": 0.4902880835408235,
    "HG00143": 0.32956060944928756,
    "HG00145": 0.3631914011378026,
    "HG00146": 0.45786332124454243,
    "HG00148": 0.34580430860131667,
    "HG00149": 0.08869200349472507,
    "HG00150": 0.2506680796135351,
    "HG00151": 0.15605520062504594,
    "HG00154": 0.4292092000720993,
    "HG00155": 0.16263191604615995,
    "HG00157": 0.3696156317749284,
    "HG00158": 0.43041077070316697,
    "HG00159": 0.536696956611668,
    "HG00160": -0.15792517287772684,
    "HG00171": 0.5653831349260494,
    "HG00173": 0.44953493318189996,
    "HG00174": 0.2394339720251445,
    "HG00176": 0.4829401635793076,
    "HG00177": 0.4220918676426947,
    "HG00178": 0.1640895773683172,
    "HG00179": -0.16397810788302983,
    "HG00180": 0.24113361704322714,
    "HG00181": 0.19918642066007308,
    "HG00182": 0.42518011611021306,
    "HG00183": 0.02205878749215139,
    "HG00185": 0.34109695881746055,
    "HG00186": 0.35207494524528427,
    "HG00187": 0.2714722084477585,
    "HG00188": 0.30067601163454716,
    "HG00189": 0.1622898319485348,
    "HG00190": 0.7615508382397435,
    "HG00231": 0.18695992724031538,
    "HG00232": 0.2876766498959517,
    "HG00233": 0.21807730892355903,
    "HG00234": 0.12941199567665065,
    "HG00235": 0.5857357999491745,
    "HG00236": 0.37808494104916057,
    "HG00237": 0.6247319200334165,
    "HG00238": 0.43042243884901654,
    "HG00239": 0.3308553680731365,
    "HG00240": 0.6815307727734796,
    "HG00242": 0.2018360961585594,
    "HG00243": -0.03923813872577867,
    "HG00244": 0.20831967150511013,
    "HG00245": 0.18908222183995022,
    "HG00246": 0.2904245302833697,
    "HG00250": 0.09901484945412592,
    "HG00251": 0.2862597364741909,
    "HG00252": 0.4716081468991668,
    "HG00253": 0.1304033851908646,
    "HG00254": 0.13729728982590586,
    "HG00255": 0.25065052927312814,
    "HG00256": 0.23002005476608922,
    "HG00257": 0.1871825950953276,
    "HG00258": 0.1601760685727026,
    "HG00259": 0.14785379018203934,
    "HG00260": 0.5349241385217269,
    "HG00261": 0.08255617987326727,
    "HG00262": 0.9190685327826547,
    "HG00263": 0.488088579469774,
    "HG00264": 0.5217818937699181,
    "HG00265": 0.39645129517354843,
    "HG00266": 0.5192823719832135,
    "HG00267": 0.48562342064800634,
    "HG00268": 0.10607905394043568,
    "HG00269": 0.29921028391925986,
    "HG00271": 0.6326533484773929,
    "HG00272": 0.10611445306169666,
    "HG00273": 0.36934513643248595,
    "HG00274": 0.6583488935938522,
    "HG00275": 0.2322017206845606,
    "HG00276": 0.6231149358707843,
    "HG00277": 0.3459137214859254,
    "HG00278": 0.2825678712198712,
    "HG00280": 0.252777947735344,
    "HG00281": 0.35347501069256004,
    "HG00282": 0.2628964395671718,
    "HG00284": 0.19384042231162943,
    "HG00285": 0.873901638226582,
    "HG00288": 0.3569421393679437,
    "HG00290": 0.5293149168704144,
    "HG00304": 0.1802177963489665,
    "HG00306": 0.17145898447262764,
    "HG00308": 0.4307384510511246,
    "HG00309": 0.4165555660085162,
    "HG00310": 0.3821596263288958,
    "HG00311": 0.2266034281723801,
    "HG00313": 0.4237819470209375,
    "HG00315": 0.3496945292274767,
    "HG00318": 0.3795230751464095,
    "HG00319": 0.5604750952517783,
    "HG00320": 0.1746136413163567,
    "HG00321": 0.23984122504052732,
    "HG00323": 0.27282285611684287,
    "HG00324": 0.4865275377091786,
    "HG00325": 0.29317204456901474,
    "HG00326": 0.48957705270340246,
    "HG00327": 0.24426138972581932,
    "HG00328": 0.22751733010704964,
    "HG00329": 0.3777094605787796,
    "HG00330": 0.5472956172164043,
    "HG00331": 0.3031801140059392,
    "HG00332": 0.5510072508118179,
    "HG00334": 0.15501098725290546,
    "HG00335": 0.4890695048186924,
    "HG00336": 0.5402436316905994,
    "HG00337": 0.018216187439020058,
    "HG00338": 0.15117067726561942,
    "HG00339": -0.03435842852871227,
    "HG00341": 0.18517603345743683,
    "HG00342": 0.4953103632423579,
    "HG00343": 0.31447662715739455,
    "HG00344": 0.023431964701747576,
    "HG00345": 0.8117593793357599,
    "HG00346": 0.40287298795707727,
    "HG00349": 0.3445480037844627,
    "HG00350": 0.2411318008169679,
    "HG00351": 0.28283025272732576,
    "HG00353": 0.21401249093364105,
    "HG00355": 0.33955313727620773,
    "HG00356": 0.646963494902978,
    "HG00357": 0.18201307333432676,
    "HG00358": 0.47313629940532936,
    "HG00360": 0.6562273973443262,
    "HG00361": 0.3503945493101586,
    "HG00362": 0.44006392759350965,
    "HG00364": 0.12479403810902727,
    "HG00365": 0.19102805430078887,
    "HG00366": 0.403941570210154,
    "HG00367": 0.5244388387901421,
    "HG00368": 0.7332435607836113,
    "HG00369": 0.4550989300391952,
    "HG00371": 0.5801559969505613,
    "HG00372": -0.022407014280178772,
    "HG00373": 0.27562781867486763,
    "HG00375": 0.5763279177582502,
    "HG00376": 0.420790992151848,
    "HG00378": 0.19485067624904226,
    "HG00379": 0.45497934673307955,
    "HG00380": 0.1111958452263081,
    "HG00381": -0.1426573975771108,
    "HG00382": 0.009142937610861837,
    "HG00383": 0.004623652452705074,
    "HG00384": 0.06356750936947521,
    "HG01334": 0.289522879957789,
    "HG01500": 0.5836789135698174,
    "HG01501": 0.19439986236218054,
    "HG01503": 0.45713894364818497,
    "HG01504": 0.649677499257293,
    "HG01506": 0.5905535552269027,
    "HG01507": 0.7060966732862958,
    "HG01509": 0.4090027128047082,
    "HG01510": 0.36469106021417613,
    "HG01512": 0.5934496064295375,
    "HG01513": 0.3096915771003553,
    "HG01515": 0.06218505885375284,
    "HG01516": 0.02815189847524211,
    "HG01518": 0.0755628521981029,
    "HG01519": 0.29962749712139736,
    "HG01521": 0.17347522189099915,
    "HG01522": 0.4875868592404687,
    "HG01524": 0.5956658884552499,
    "HG01525": 0.5456290127290837,
    "HG01527": 0.5036621076841482,
    "HG01528": 0.6400445541149278,
    "HG01530": 0.7456914297770112,
    "HG01531": 0.4774226954543726,