{
  "pgs_id": "PGS002231",
  "reference": "1000 Genomes Phase 3 EUR samples (N=503; sub-populations: CEU=99, FIN=99, GBR=91, IBS=107, TSI=107). Standard publicly-available European reference; weighted toward Northern/Western European sub-populations, limited representation of Southern/Eastern/Ashkenazi. Empirical mean/SD from this sample is an approximation of the true EUR-population distribution, subject to sampling error (~3% on SD) and sub-population weighting bias.",
  "n_samples": 503,
  "mean": 1.055173122406592,
  "sd": 0.824809891931555,
  "min": -1.8792527874393354,
  "max": 3.6977735126656395,
  "per_sample": {
    "HG00096": 1.7720551443592032,
    "HG00097": 1.90152448305331,
    "HG00099": 1.8632681468136523,
    "HG00100": 1.2237979169932034,
    "HG00101": 1.9012575866968977,
    "HG00102": 2.0749832840240727,
    "HG00103": 0.6611180722056048,
    "HG00105": 0.9615411783252268,
    "HG00106": 0.33724024990774576,
    "HG00107": 1.3124380740722292,
    "HG00108": 1.3975822349332865,
    "HG00109": 2.6361025828714046,
    "HG00110": 1.0159780896473798,
    "HG00111": 0.4524644510936961,
    "HG00112": 0.9747195143517546,
    "HG00113": 0.4781575870166004,
    "HG00114": 0.25013988207222204,
    "HG00115": 0.8386003488600311,
    "HG00116": 0.6286647529270504,
    "HG00117": 1.4044249093420387,
    "HG00118": 0.7270734002004268,
    "HG00119": 2.136247772338912,
    "HG00120": 0.6221507405912065,
    "HG00121": 1.0099730388362693,
    "HG00122": 0.566866780375301,
    "HG00123": 0.7040602475809727,
    "HG00125": 1.7328667209336144,
    "HG00126": 2.058970481145138,
    "HG00127": 0.8439064228182395,
    "HG00128": -1.8792527874393354,
    "HG00129": 1.3498886853661782,
    "HG00130": 0.8047654782115943,
    "HG00131": 0.8489382775994343,
    "HG00132": 0.39843007710669054,
    "HG00133": 0.31450234556857676,
    "HG00136": 0.38460229436299015,
    "HG00137": 1.4298254328423379,
    "HG00138": -0.1531311915132342,
    "HG00139": -0.10707972788975964,
    "HG00140": 1.3804777247345505,
    "HG00141": 0.5167740382354712,
    "HG00142": 0.13118009433365882,
    "HG00143": 0.14976462056671955,
    "HG00145": 0.9593117093388791,
    "HG00146": 0.4046117377256249,
    "HG00148": -0.18234724491559298,
    "HG00149": 1.092435425138409,
    "HG00150": 1.1082660637182147,
    "HG00151": 1.3793648632282955,
    "HG00154": 0.8661439043991913,
    "HG00155": 1.2709168342571728,
    "HG00157": 0.7451318702829033,
    "HG00158": -0.16133673747633115,
    "HG00159": 0.6694516289973982,
    "HG00160": 0.6959338586065079,
    "HG00171": 2.0943689225749633,
    "HG00173": 0.6468783812234649,
    "HG00174": 1.6497924880077202,
    "HG00176": 2.414851843725487,
    "HG00177": 1.2708376036185913,
    "HG00178": 1.4575438373990346,
    "HG00179": 3.2757259241167334,
    "HG00180": 1.809653963855442,
    "HG00181": 1.6274485018695453,
    "HG00182": 1.3413186231987733,
    "HG00183": 1.8455744414323934,
    "HG00185": 0.8381665347798244,
    "HG00186": 1.4320560968083595,
    "HG00187": 0.9127123920752884,
    "HG00188": 1.7170243542651944,
    "HG00189": 0.8446806180929429,
    "HG00190": 1.3188039864909864,
    "HG00231": 1.3383994601261455,
    "HG00232": 1.2354072253694242,
    "HG00233": 0.37803880190247846,
    "HG00234": 0.9084241710650991,
    "HG00235": 0.5610007295536652,
    "HG00236": 0.3449705828891681,
    "HG00237": 0.40774336048728144,
    "HG00238": 0.8651589574155639,
    "HG00239": -0.1981528395665362,
    "HG00240": 1.0226399911415958,
    "HG00242": 1.8784993808938844,
    "HG00243": 1.8440368990610878,
    "HG00244": 1.158036190142456,
    "HG00245": 1.8494710286319438,
    "HG00246": 0.9956482750071644,
    "HG00250": 1.1105459056943854,
    "HG00251": 0.8304432003993227,
    "HG00252": -1.1102279677467992,
    "HG00253": 1.8267260219528758,
    "HG00254": 1.973758686219271,
    "HG00255": 1.5701724575429237,
    "HG00256": 1.33067373148775,
    "HG00257": -0.018257743198010323,
    "HG00258": 0.14895228334492536,
    "HG00259": 1.898458921417423,
    "HG00260": 0.8790741207032426,
    "HG00261": 0.3285784892460872,
    "HG00262": -0.5320453688660088,
    "HG00263": 0.5785490385478071,
    "HG00264": 0.6890130822535283,
    "HG00265": -0.986393562250201,
    "HG00266": -0.2703217756712436,
    "HG00267": 2.016479625971261,
    "HG00268": 2.597118018415224,
    "HG00269": 1.7642072528444144,
    "HG00271": 1.6600929074340525,
    "HG00272": 2.360703334627924,
    "HG00273": 1.9184961642140443,
    "HG00274": 0.2470721052749675,
    "HG00275": 0.7967079050909821,
    "HG00276": 0.5428541070658583,
    "HG00277": 1.5267651449832451,
    "HG00278": 2.4656334160484605,
    "HG00280": 0.8493480174624279,
    "HG00281": 2.5369988625544986,
    "HG00282": 2.3804229943377506,
    "HG00284": 0.6200873617537295,
    "HG00285": 1.1417016413162648,
    "HG00288": 2.6038957127426787,
    "HG00290": 1.1394570451881443,
    "HG00304": 1.6937260367649563,
    "HG00306": 1.4359414475966439,
    "HG00308": 2.046924706903771,
    "HG00309": 1.5780836275532615,
    "HG00310": 0.9997100358019482,
    "HG00311": 0.7023485479688218,
    "HG00313": 2.3519450138697513,
    "HG00315": 2.851196706573113,
    "HG00318": 1.2311299825321682,
    "HG00319": 1.3464988880776592,
    "HG00320": 2.9502228220691684,
    "HG00321": 0.6519502677081913,
    "HG00323": 1.4645304675187067,
    "HG00324": 2.7962355808310044,
    "HG00325": 0.540308336165971,
    "HG00326": 2.267054184150949,
    "HG00327": 1.8263363541740545,
    "HG00328": 1.3497388908819434,
    "HG00329": 1.8485446262065013,
    "HG00330": 1.852305285334408,
    "HG00331": 0.5096676194695007,
    "HG00332": 2.741816410273866,
    "HG00334": 0.1785816444883951,
    "HG00335": 1.1880924018497236,
    "HG00336": 2.899709042911456,
    "HG00337": 1.2687740124368552,
    "HG00338": 2.432061778893314,
    "HG00339": 1.8928806163193772,
    "HG00341": 1.7719816139128954,
    "HG00342": 1.235038248793457,
    "HG00343": 0.02233754832267759,
    "HG00344": 1.9261939042258303,
    "HG00345": 1.0192612889539039,
    "HG00346": 0.9942919897432977,
    "HG00349": 0.8576243153707559,
    "HG00350": 1.7314246865008012,
    "HG00351": 1.777429197779824,
    "HG00353": 1.2200008100141388,
    "HG00355": 0.706750830162329,
    "HG00356": 0.5864710381876539,
    "HG00357": 0.30373641841370125,
    "HG00358": -0.14294949153260192,
    "HG00360": 1.484373961101928,
    "HG00361": -0.5263211122863818,
    "HG00362": 1.948718188079445,
    "HG00364": 1.6300519227073917,
    "HG00365": 1.3127460867401068,
    "HG00366": 0.9787510661605039,
    "HG00367": 1.4802058192811016,
    "HG00368": 1.8544900828062998,
    "HG00369": 3.6977735126656395,
    "HG00371": 2.6146455122925696,
    "HG00372": 2.2133847855015474,
    "HG00373": 1.51377809839261,
    "HG00375": -0.03485558118571967,
    "HG00376": -0.8755368645717788,
    "HG00378": 2.216190173579355,
    "HG00379": 0.8797727408987572,
    "HG00380": 1.8185762252289543,
    "HG00381": 0.7075091736852577,
    "HG00382": 0.30232738727169817,
    "HG00383": 1.4813029561738515,
    "HG00384": 3.001262373780767,
    "HG01334": -0.3805704873371318,
    "HG01500": 1.236508204437171,
    "HG01501": 0.8441508696772126,
    "HG01503": 0.9405859271950026,
    "HG01504": 2.198986292753305,
    "HG01506": 2.055996096514661,
    "HG01507": 1.4118972135081436,
    "HG01509": 1.005096798097374,
    "HG01510": 0.38142885956830963,
    "HG01512": 0.5384255591553561,
    "HG01513": 1.5199382066791447,
    "HG01515": 1.5071983189943763,
    "HG01516": 2.3035426745667804,
    "HG01518": 0.4338630530195925,
    "HG01519": 0.7472744505069401,
    "HG01521": 0.2542375399663844,
    "HG01522": 2.470606647227022,
    "HG01524": 0.8462069484708244,
    "HG01525": 1.8794676801353647,
    "HG01527": 0.7747042980201512,
    "HG01528": -0.24531249055682514,
    "HG01530": 0.9484401649369562,
    "HG01531": 1.8780892802097409,
    "HG01536": 1.0187249342389086,
    "HG01537": 2.2863707929181576,