{
  "pgs_id": "PGS002804",
  "reference": "1000 Genomes Phase 3 EUR samples (N=503; sub-populations: CEU=99, FIN=99, GBR=91, IBS=107, TSI=107). Standard publicly-available European reference; weighted toward Northern/Western European sub-populations, limited representation of Southern/Eastern/Ashkenazi. Empirical mean/SD from this sample is an approximation of the true EUR-population distribution, subject to sampling error (~3% on SD) and sub-population weighting bias.",
  "n_samples": 503,
  "mean": 3.652647162645698,
  "sd": 0.8693732769793323,
  "min": 1.2142502910059902,
  "max": 6.158610139490417,
  "per_sample": {
    "HG00096": 4.160518905540978,
    "HG00097": 3.8985859030941667,
    "HG00099": 3.9650568283430276,
    "HG00100": 4.234276314175651,
    "HG00101": 4.3405763205990855,
    "HG00102": 3.8987442937150343,
    "HG00103": 4.014903892038264,
    "HG00105": 4.170085062920386,
    "HG00106": 3.6532348781780266,
    "HG00107": 5.470601404744241,
    "HG00108": 2.64526491792778,
    "HG00109": 4.766917984639518,
    "HG00110": 3.5352848235950307,
    "HG00111": 4.378159569889112,
    "HG00112": 4.301408773446497,
    "HG00113": 3.8403602296714534,
    "HG00114": 4.20527529946577,
    "HG00115": 4.326816852029378,
    "HG00116": 4.182736505089376,
    "HG00117": 3.9652711030992274,
    "HG00118": 3.936794429697215,
    "HG00119": 4.299958651430522,
    "HG00120": 4.049688896637046,
    "HG00121": 4.223805792621859,
    "HG00122": 4.480126715017432,
    "HG00123": 4.555193361762183,
    "HG00125": 4.662912780061612,
    "HG00126": 4.2888187392509725,
    "HG00127": 3.528544370918921,
    "HG00128": 4.129511422366662,
    "HG00129": 4.2928957467719115,
    "HG00130": 3.8871982787420545,
    "HG00131": 4.541779584706247,
    "HG00132": 3.9232967359280093,
    "HG00133": 3.3525696997519976,
    "HG00136": 4.567090880531352,
    "HG00137": 4.508237047073677,
    "HG00138": 4.100183528948805,
    "HG00139": 4.82999916199103,
    "HG00140": 4.691327379220012,
    "HG00141": 4.64029618731508,
    "HG00142": 3.8546950571162926,
    "HG00143": 4.40561094982151,
    "HG00145": 4.081373347599922,
    "HG00146": 4.247363181078071,
    "HG00148": 3.730192345562723,
    "HG00149": 3.669485913157457,
    "HG00150": 4.7458316905138975,
    "HG00151": 4.254269627772442,
    "HG00154": 5.686530099428761,
    "HG00155": 3.898451791331415,
    "HG00157": 3.902526829214787,
    "HG00158": 4.421829206885947,
    "HG00159": 4.7879214720740295,
    "HG00160": 5.232333287987529,
    "HG00171": 2.4718947630894124,
    "HG00173": 2.9023222173305627,
    "HG00174": 3.7565075022680996,
    "HG00176": 1.9316125414451781,
    "HG00177": 3.0612696543203657,
    "HG00178": 3.564266573816376,
    "HG00179": 3.897012268299947,
    "HG00180": 4.32452469730683,
    "HG00181": 4.718024257029605,
    "HG00182": 4.047895944306676,
    "HG00183": 3.4757731007048775,
    "HG00185": 4.673965060729244,
    "HG00186": 2.2909830157823077,
    "HG00187": 3.3215785514622236,
    "HG00188": 3.038203457437551,
    "HG00189": 3.251012762712906,
    "HG00190": 3.0184628983565616,
    "HG00231": 3.0907146281491173,
    "HG00232": 4.045083020716175,
    "HG00233": 4.209004627646387,
    "HG00234": 2.588542587891286,
    "HG00235": 5.983201409973837,
    "HG00236": 3.6748252847787617,
    "HG00237": 4.336382041019085,
    "HG00238": 4.114601810152204,
    "HG00239": 3.7819304139643015,
    "HG00240": 3.5927021002404524,
    "HG00242": 3.2619288216733344,
    "HG00243": 3.6459478143324944,
    "HG00244": 3.28014143109576,
    "HG00245": 3.13050362047612,
    "HG00246": 3.612537152022957,
    "HG00250": 4.001193053211829,
    "HG00251": 4.25861773239799,
    "HG00252": 2.204269242640856,
    "HG00253": 3.3059785542182674,
    "HG00254": 4.08156515815676,
    "HG00255": 3.7614004220547503,
    "HG00256": 4.071402994655065,
    "HG00257": 4.032139344073479,
    "HG00258": 4.042063464453946,
    "HG00259": 4.421571114451104,
    "HG00260": 3.639361599775534,
    "HG00261": 3.258410204391437,
    "HG00262": 3.8905996475123907,
    "HG00263": 3.496258649284334,
    "HG00264": 5.562465101451256,
    "HG00265": 2.341021406543383,
    "HG00266": 4.4439685526489345,
    "HG00267": 2.221965028636198,
    "HG00268": 5.161529531311131,
    "HG00269": 1.8510864570038201,
    "HG00271": 3.515154826575873,
    "HG00272": 1.93505910683441,
    "HG00273": 3.432361839428259,
    "HG00274": 4.462852415745184,
    "HG00275": 4.068628158948666,
    "HG00276": 2.313024517132373,
    "HG00277": 4.208204215255398,
    "HG00278": 2.7644395262509094,
    "HG00280": 5.5399531041016274,
    "HG00281": 4.141812139122112,
    "HG00282": 3.7066285488952913,
    "HG00284": 2.084757161986398,
    "HG00285": 3.6184075959570405,
    "HG00288": 3.9108398153976807,
    "HG00290": 3.2996707206455436,
    "HG00304": 3.2775635788351436,
    "HG00306": 4.449343144527848,
    "HG00308": 1.6894370338349027,
    "HG00309": 2.4320922979838,
    "HG00310": 3.5734209136301294,
    "HG00311": 4.0726325011502436,
    "HG00313": 4.087523504357606,
    "HG00315": 3.016406597558859,
    "HG00318": 5.0044083397035735,
    "HG00319": 3.388304531879004,
    "HG00320": 4.179925516364905,
    "HG00321": 3.1340268788378207,
    "HG00323": 4.425809650116063,
    "HG00324": 3.594232708477657,
    "HG00325": 2.5870079547050127,
    "HG00326": 4.369961154191861,
    "HG00327": 4.6448592030538,
    "HG00328": 2.6430285681369967,
    "HG00329": 3.680525197504002,
    "HG00330": 3.277747062637106,
    "HG00331": 4.138567829470461,
    "HG00332": 3.7398640289570912,
    "HG00334": 3.4515934612600754,
    "HG00335": 3.49486844159499,
    "HG00336": 2.4452243766845267,
    "HG00337": 4.337544194226123,
    "HG00338": 3.9637601179396844,
    "HG00339": 2.8765122479979253,
    "HG00341": 3.733623769871103,
    "HG00342": 3.145358062727523,
    "HG00343": 3.3134418139250337,
    "HG00344": 4.425434496734342,
    "HG00345": 3.8708660914681694,
    "HG00346": 4.726021926240392,
    "HG00349": 3.5508802587436725,
    "HG00350": 4.518114200077682,
    "HG00351": 3.5137102227211674,
    "HG00353": 3.456364686096355,
    "HG00355": 5.111712709847951,
    "HG00356": 3.492906524584697,
    "HG00357": 4.869854738252841,
    "HG00358": 2.8849460373303772,
    "HG00360": 4.360489880566905,
    "HG00361": 2.572972804428209,
    "HG00362": 1.9664368225229314,
    "HG00364": 3.797528757253994,
    "HG00365": 1.8925823534160784,
    "HG00366": 4.126722506822273,
    "HG00367": 3.7485905104647377,
    "HG00368": 3.8050173338236304,
    "HG00369": 2.110132701163229,
    "HG00371": 4.0102782234955034,
    "HG00372": 3.8640656279887473,
    "HG00373": 2.0359556617395493,
    "HG00375": 4.088560641662339,
    "HG00376": 3.0576810371594467,
    "HG00378": 3.6045972310147243,
    "HG00379": 3.427557951422351,
    "HG00380": 3.9453871901064996,
    "HG00381": 3.414779997493386,
    "HG00382": 4.3390315906181405,
    "HG00383": 3.78683862885324,
    "HG00384": 3.8912113697393313,
    "HG01334": 3.440242256705952,
    "HG01500": 3.0696603747214346,
    "HG01501": 1.753853618954204,
    "HG01503": 2.694190508194804,
    "HG01504": 2.6015530401010207,
    "HG01506": 3.074433658371838,
    "HG01507": 2.3267614332973885,
    "HG01509": 3.448134170526967,
    "HG01510": 2.7338051583083285,
    "HG01512": 1.8629210172339215,
    "HG01513": 4.008808522655842,
    "HG01515": 2.8337148222231106,
    "HG01516": 3.8268357189124482,
    "HG01518": 2.4629837778889203,
    "HG01519": 3.192729719163256,
    "HG01521": 1.9306001217789583,
    "HG01522": 2.9165072027332175,
    "HG01524": 2.784216925904785,
    "HG01525": 3.888259303516966,
    "HG01527": 2.5472686520226953,
    "HG01528": 2.3123111678218313,
    "HG01530": 2.5908533715613795,
    "HG01531": 3.2402329494679503,
    "HG01536": 4.1525875306848885,
    "HG01537": 4.012973260216111,
    "HG01602": 3.464076118718119,
    "HG01603": 3.2022791683552163,
    "HG01605": 2.886813820490327,
    "HG01606": 2.639279326717322,