{
  "pgs_id": "PGS003971",
  "reference": "1000 Genomes Phase 3 EUR samples (N=503; sub-populations: CEU=99, FIN=99, GBR=91, IBS=107, TSI=107). Standard publicly-available European reference; weighted toward Northern/Western European sub-populations, limited representation of Southern/Eastern/Ashkenazi. Empirical mean/SD from this sample is an approximation of the true EUR-population distribution, subject to sampling error (~3% on SD) and sub-population weighting bias.",
  "n_samples": 503,
  "mean": -0.2482230534728765,
  "sd": 0.11345332725143613,
  "min": -0.5856214283084618,
  "max": 0.1307287834484859,
  "per_sample": {
    "HG00096": 0.08091594000828822,
    "HG00097": -0.10405108108386699,
    "HG00099": -0.22288030299812123,
    "HG00100": -0.2632627216284134,
    "HG00101": -0.17581634348311997,
    "HG00102": -0.14750098492639294,
    "HG00103": -0.3976359775621466,
    "HG00105": -0.33919480863759155,
    "HG00106": -0.25521908871213894,
    "HG00107": -0.24408668031094813,
    "HG00108": -0.23198060706152715,
    "HG00109": -0.14586644927030173,
    "HG00110": -0.25134739907555476,
    "HG00111": -0.2529747432500323,
    "HG00112": -0.08022294278839237,
    "HG00113": -0.008190099274297188,
    "HG00114": -0.25436730712919486,
    "HG00115": -0.1334124187185667,
    "HG00116": -0.06453571966886266,
    "HG00117": -0.3044556869475643,
    "HG00118": -0.23842231877339748,
    "HG00119": -0.06152950557561978,
    "HG00120": -0.4398827515499828,
    "HG00121": -0.04844749020731196,
    "HG00122": -0.40185648539635643,
    "HG00123": -0.059913171165860465,
    "HG00125": -0.14021536958481529,
    "HG00126": -0.025634396685457347,
    "HG00127": -0.15261182638006515,
    "HG00128": -0.10005608079552715,
    "HG00129": -0.1855480670744059,
    "HG00130": -0.14563548810874552,
    "HG00131": -0.3765759581881056,
    "HG00132": -0.19448169604965587,
    "HG00133": -0.18871805582383117,
    "HG00136": -0.4163907404107109,
    "HG00137": -0.16492908322497707,
    "HG00138": -0.2482463709946336,
    "HG00139": -0.19222467370707175,
    "HG00140": -0.36184680389560764,
    "HG00141": -0.18866229311118599,
    "HG00142": -0.2173245613693004,
    "HG00143": -0.3888642739947911,
    "HG00145": -0.12962686617704416,
    "HG00146": -0.24630306712088526,
    "HG00148": -0.2848720932078207,
    "HG00149": -0.16891865187421795,
    "HG00150": -0.2046082722373931,
    "HG00151": -0.29776462910609947,
    "HG00154": -0.5856214283084618,
    "HG00155": -0.27249103452707524,
    "HG00157": -0.1740455429758444,
    "HG00158": -0.3653211568877141,
    "HG00159": -0.39716466729254163,
    "HG00160": -0.3937016876308284,
    "HG00171": -0.3109705553640974,
    "HG00173": -0.5080614351287085,
    "HG00174": -0.4037755992333333,
    "HG00176": -0.3213898219205962,
    "HG00177": -0.12049509303059602,
    "HG00178": -0.10080908608632018,
    "HG00179": -0.00042130939765969155,
    "HG00180": -0.40704154287814986,
    "HG00181": -0.343356622377729,
    "HG00182": -0.25828827997190323,
    "HG00183": -0.28096683954370016,
    "HG00185": -0.18866324238791154,
    "HG00186": -0.21520983100113872,
    "HG00187": -0.2628924370075689,
    "HG00188": -0.2290909089398933,
    "HG00189": -0.34214355977444044,
    "HG00190": -0.4380931562453221,
    "HG00231": -0.16491606066190798,
    "HG00232": -0.23161032397347847,
    "HG00233": -0.34664095628314123,
    "HG00234": -0.08945652699746626,
    "HG00235": -0.19301998942176324,
    "HG00236": -0.23169875553631655,
    "HG00237": -0.17603099860949073,
    "HG00238": -0.5192662418424451,
    "HG00239": -0.20633064468651016,
    "HG00240": -0.40045078260841555,
    "HG00242": -0.20530331886306682,
    "HG00243": -0.12847254741982167,
    "HG00244": -0.2686331652964086,
    "HG00245": -0.15156445685209732,
    "HG00246": -0.2129252724814059,
    "HG00250": -0.3242185837427136,
    "HG00251": -0.2416673101363357,
    "HG00252": -0.4435471155409453,
    "HG00253": -0.23589123293703132,
    "HG00254": -0.27836033996339266,
    "HG00255": -0.13539231204427843,
    "HG00256": -0.010253105656911607,
    "HG00257": -0.26355808774718675,
    "HG00258": -0.24850952248240377,
    "HG00259": -0.1254261910323301,
    "HG00260": -0.2892622305768407,
    "HG00261": -0.2732208726598938,
    "HG00262": -0.05142698043618123,
    "HG00263": -0.3803445904198115,
    "HG00264": -0.14363271953285228,
    "HG00265": -0.12529445331998973,
    "HG00266": -0.32024930769052706,
    "HG00267": -0.2829039949458888,
    "HG00268": -0.30066666564763705,
    "HG00269": -0.38727663403953017,
    "HG00271": -0.24191727361898846,
    "HG00272": -0.2393126054028401,
    "HG00273": -0.46032000634094095,
    "HG00274": -0.23659138312996014,
    "HG00275": -0.29575438546936456,
    "HG00276": -0.22326248948725969,
    "HG00277": -0.13268842472244,
    "HG00278": -0.5532503278660789,
    "HG00280": -0.2967950728289142,
    "HG00281": -0.06052657291611817,
    "HG00282": -0.3486279241720104,
    "HG00284": -0.240864836955917,
    "HG00285": -0.20202984177201488,
    "HG00288": -0.1836160313464708,
    "HG00290": -0.2874058771574575,
    "HG00304": -0.12265630266918659,
    "HG00306": -0.3417603221668073,
    "HG00308": -0.17832947060086252,
    "HG00309": -0.0534391998897671,
    "HG00310": -0.42341172261155424,
    "HG00311": -0.33365231761581504,
    "HG00313": -0.18192833532155328,
    "HG00315": -0.3898964457704877,
    "HG00318": 0.023127224764943805,
    "HG00319": -0.3026988869429487,
    "HG00320": -0.3226917459882948,
    "HG00321": -0.23334560284069922,
    "HG00323": -0.19067690966199838,
    "HG00324": -0.4508941208122665,
    "HG00325": -0.26672030479028164,
    "HG00326": -0.3906987068593001,
    "HG00327": -0.330463757623284,
    "HG00328": -0.1945828226311102,
    "HG00329": -0.2111275564403108,
    "HG00330": -0.2629495288442511,
    "HG00331": -0.1884377372522404,
    "HG00332": -0.18580183615784704,
    "HG00334": -0.24084077166997478,
    "HG00335": -0.3942282012117041,
    "HG00336": -0.35523193395124364,
    "HG00337": -0.22629401375471103,
    "HG00338": -0.3555102232934225,
    "HG00339": -0.22398313369971443,
    "HG00341": -0.2621089845463965,
    "HG00342": -0.3146058617795897,
    "HG00343": -0.20978972415107738,
    "HG00344": 0.005531577132060803,
    "HG00345": -0.23827939458330202,
    "HG00346": -0.2741061387687646,
    "HG00349": -0.29053627223075773,
    "HG00350": -0.2621811199755842,
    "HG00351": -0.4144923806896368,
    "HG00353": -0.3822155328475028,
    "HG00355": -0.4303535894915386,
    "HG00356": -0.24428867300137175,
    "HG00357": -0.10546409105292323,
    "HG00358": -0.3683674824479439,
    "HG00360": -0.3745659282598668,
    "HG00361": -0.45942187337685175,
    "HG00362": -0.2862683274475455,
    "HG00364": -0.22161611493648167,
    "HG00365": -0.09635106327188828,
    "HG00366": -0.14154643000437744,
    "HG00367": -0.24644364168212538,
    "HG00368": -0.38251116643807465,
    "HG00369": -0.2868921866764659,
    "HG00371": -0.37484909529882177,
    "HG00372": -0.184636394332679,
    "HG00373": -0.33892900025580047,
    "HG00375": -0.3853618491469057,
    "HG00376": -0.23268692603126584,
    "HG00378": -0.19110987492432321,
    "HG00379": -0.4370077212075906,
    "HG00380": -0.30581186605360255,
    "HG00381": -0.32100373293438816,
    "HG00382": -0.459713556166488,
    "HG00383": -0.0411965313784534,
    "HG00384": -0.22420479492360929,
    "HG01334": -0.4778182198677499,
    "HG01500": -0.31869355717728926,
    "HG01501": -0.44395889851055076,
    "HG01503": -0.20632220314658684,
    "HG01504": -0.3684160801132775,
    "HG01506": -0.39259556547893115,
    "HG01507": -0.43379154070058873,
    "HG01509": -0.3954519333741506,
    "HG01510": -0.26651540203167157,
    "HG01512": -0.27446221026518797,
    "HG01513": -0.2640837200858321,
    "HG01515": -0.13981210285251836,
    "HG01516": -0.4203646456790023,
    "HG01518": -0.4172221054074459,
    "HG01519": -0.3263267290616059,
    "HG01521": -0.18170462452271466,